1,google.com
2,youtube.com
3,facebook.com
4,baidu.com
5,instagram.com
6,yahoo.com
7,bilibili.com
8,qq.com
9,wikipedia.org
10,amazon.com
11,twitter.com
12,zhihu.com
13,whatsapp.com
14,linkedin.com
15,reddit.com
16,google.com.hk
17,csdn.net
18,bing.com
19,chaturbate.com
20,github.com
21,office.com
22,zoom.us
23,live.com
24,microsoftonline.com
25,taobao.com
26,microsoft.com
27,weibo.com
28,sina.com.cn
29,163.com
30,vk.com
31,xvideos.com
32,jd.com
33,canva.com
34,pornhub.com
35,stackoverflow.com
36,sharepoint.com
37,naver.com
38,yandex.ru
39,sohu.com
40,tiktok.com
41,netflix.com
42,1688.com
43,aliexpress.com
44,amazon.in
45,paypal.com
46,apple.com
47,yahoo.co.jp
48,myshopify.com
49,mail.ru
50,douban.com
51,tmall.com
52,cnblogs.com
53,quora.com
54,fandom.com
55,t.co
56,aparat.com
57,sogou.com
58,ebay.com
59,adobe.com
60,pinterest.com
61,google.co.in
62,xhamster.com
63,bongacams.com
64,okezone.com
65,indeed.com
66,imdb.com
67,msn.com
68,telegram.org
69,liputan6.com
70,pikiran-rakyat.com
71,duckduckgo.com
72,twitch.tv
73,wordpress.com
74,spankbang.com
75,merdeka.com
76,tribunnews.com
77,discord.com
78,google.cn
79,xnxx.com
80,amazonaws.com
81,nytimes.com
82,hao123.com
83,flipkart.com
84,alipay.com
85,deepl.com
86,jianshu.com
87,amazon.co.jp
88,t.me
89,tencent.com
90,etsy.com
91,cnn.com
92,twimg.com
93,dropbox.com
94,booking.com
95,bbc.com
96,medium.com
97,aliyun.com
98,ilovepdf.com
99,nih.gov
100,tumblr.com
101,spotify.com
102,ok.ru
103,tradingview.com
104,pixiv.net
105,wetransfer.com
106,freepik.com
107,mega.nz
108,grammarly.com
109,feishu.cn
110,force.com
111,hupu.com
112,coinmarketcap.com
113,imgur.com
114,trello.com
115,kompas.com
116,fiverr.com
117,godaddy.com
118,amazon.co.uk
119,binance.com
120,iqiyi.com
121,douyu.com
122,3dmgame.com
123,alibaba.com
124,detik.com
125,w3schools.com
126,smzdm.com
127,daum.net
128,youdao.com
129,realsrv.com
130,instructure.com
131,mediafire.com
132,blogger.com
133,office365.com
134,gamersky.com
135,primevideo.com
136,eastmoney.com
137,google.ru
138,walmart.com
139,ifeng.com
140,so.com
141,slack.com
142,atlassian.net
143,shopify.com
144,speedtest.net
145,xiaohongshu.com
146,digikala.com
147,rakuten.co.jp
148,zerodha.com
149,weather.com
150,zoho.com
151,savefrom.net
152,google.co.jp
153,stripe.com
154,stackexchange.com
155,padlet.com
156,udemy.com
157,avito.ru
158,hdfcbank.com
159,fc2.com
160,cnki.net
161,espn.com
162,chase.com
163,ali213.net
164,amazon.it
165,360.cn
166,gosuslugi.ru
167,hubspot.com
168,runoob.com
169,investing.com
170,indiatimes.com
171,youku.com
172,fextralife.com
173,amazon.de
174,google.com.br
175,amazon.ca
176,google.com.tw
177,kumparan.com
178,theguardian.com
179,nicovideo.jp
180,behance.net
181,360doc.com
182,researchgate.net
183,cctv.com
184,okta.com
185,nga.cn
186,shutterstock.com
187,suara.com
188,dailymail.co.uk
189,tistory.com
190,onlyfans.com
191,telewebion.com
192,grid.id
193,intuit.com
194,steamcommunity.com
195,archive.org
196,roblox.com
197,upwork.com
198,doubleclick.net
199,smallpdf.com
200,zillow.com